{"cameraMode":{"drawMode":0,"name":"Shaded","section":"Shading Mode"},"sceneLighting":false,"audioPlay":false,"sceneViewState":{"m_AlwaysRefresh":false,"showFog":true,"showSkybox":false,"showFlares":true,"showImageEffects":true,"showParticleSystems":true,"showVisualEffectGraphs":true,"m_FxEnabled":true},"in2DMode":false,"pivot":{"x":30.907121658325197,"y":-0.7712212204933167,"z":193.13156127929688},"rotation":{"x":0.04239374399185181,"y":0.1507837176322937,"z":-0.006471175700426102,"w":0.9876429438591003},"size":5.750406742095947,"orthographic":false}