{"cameraMode":{"drawMode":0,"name":"Shaded","section":"Shading Mode"},"sceneLighting":false,"audioPlay":false,"sceneViewState":{"m_AlwaysRefresh":false,"showFog":true,"showSkybox":false,"showFlares":true,"showImageEffects":true,"showParticleSystems":true,"showVisualEffectGraphs":true,"m_FxEnabled":true},"in2DMode":false,"pivot":{"x":2.560993194580078,"y":1.3777445554733277,"z":1.7707715034484864},"rotation":{"x":-0.01491587981581688,"y":0.5797966718673706,"z":-0.010616851970553398,"w":-0.8145573139190674},"size":0.8218924403190613,"orthographic":false}